model,seed,test_accuracy,late_blight_recall,missed_infections,false_alarms
cnn,0,0.8550724387168884,0.6086956262588501,9,0
cnn,1,0.9275362491607666,0.8260869383811951,4,0
cnn,2,0.9130434989929199,0.8695651888847351,3,0
resnet18,0,0.9855072498321533,0.95652174949646,1,0
resnet18,1,0.9710144996643066,0.9130434989929199,2,0
resnet18,2,0.9710144996643066,0.95652174949646,1,0
resnet18_ft,0,0.95652174949646,0.8695651888847351,3,0
resnet18_ft,1,0.9710144996643066,0.9130434989929199,1,0
resnet18_ft,2,0.9855072498321533,0.95652174949646,1,0
